id;apellido;fechaHora
CITA-099;Paredes;2025-03-01T08:37
CITA-017;Benítez;2025-03-01T15:05
CITA-082;Pico;2025-03-01T20:32
CITA-086;Jiménez;2025-03-30T12:06
CITA-008;Guerrero;2025-03-02T18:42
CITA-056;Moreira;2025-03-02T19:03
CITA-027;Álvarez;2025-03-03T07:27
CITA-074;Narváez;2025-03-03T11:27
CITA-055;Torres;2025-03-03T21:05
CITA-078;López;2025-03-04T05:23
CITA-035;Naranjo;2025-03-04T11:58
CITA-023;López;2025-03-05T13:18
CITA-009;Vega;2025-03-05T14:20
CITA-002;Álvarez;2025-03-02T11:19
CITA-069;Castro;2025-03-27T22:31
CITA-005;Pico;2025-03-05T23:57
CITA-092;Narváez;2025-03-06T04:13
CITA-091;Medina;2025-03-09T11:08
CITA-087;García;2025-03-06T09:50
CITA-083;Pico;2025-03-06T13:07
CITA-029;Calle;2025-03-07T00:20
CITA-072;Medina;2025-03-07T15:05
CITA-066;Torres;2025-03-07T16:30
CITA-065;Reyes;2025-03-07T20:03
CITA-096;Salazar;2025-03-08T06:56
CITA-018;Lema;2025-03-08T14:23
CITA-097;Ortega;2025-03-08T16:27
CITA-048;Ortega;2025-03-09T02:55
CITA-075;Flores;2025-03-06T07:45
CITA-034;Lema;2025-03-10T02:01
CITA-044;Pico;2025-03-10T20:50
CITA-010;Medina;2025-03-11T22:07
CITA-021;Benítez;2025-03-11T03:10
CITA-015;Rojas;2025-03-11T08:46
CITA-004;Flores;2025-03-11T11:48
CITA-059;Calle;2025-03-10T22:26
CITA-038;Narváez;2025-03-11T22:16
CITA-049;Mendoza;2025-03-12T11:23
CITA-081;Ortega;2025-03-12T18:36
CITA-068;Álvarez;2025-03-13T06:59
CITA-090;Medina;2025-03-13T07:41
CITA-026;Moreira;2025-03-13T08:55
CITA-085;Benítez;2025-03-13T11:26
CITA-045;Lema;2025-03-13T11:36
CITA-058;Cedeño;2025-03-13T12:26
CITA-051;Calle;2025-03-13T14:51
CITA-003;Torres;2025-03-13T20:24
CITA-020;Flores;2025-03-13T23:30
CITA-040;Rojas;2025-03-13T23:37
CITA-037;Cedeño;2025-03-14T12:05
CITA-061;Vega;2025-03-15T15:42
CITA-057;López;2025-03-15T16:33
CITA-100;Sánchez;2025-03-16T02:03
CITA-054;Suárez;2025-03-16T02:12
CITA-022;Ramírez;2025-03-16T15:39
CITA-025;Paredes;2025-03-16T23:41
CITA-033;Cruz;2025-03-17T19:00
CITA-071;Torres;2025-03-17T19:23
CITA-042;Mendoza;2025-03-17T22:29
CITA-043;Salazar;2025-03-18T04:20
CITA-030;Cedeño;2025-03-18T13:27
CITA-079;Paredes;2025-03-18T16:49
CITA-063;Mora;2025-03-19T08:08
CITA-077;Paredes;2025-03-20T13:06
CITA-019;Jiménez;2025-03-20T13:36
CITA-088;Mendoza;2025-03-21T02:52
CITA-089;Guerrero;2025-03-21T23:35
CITA-028;Ortega;2025-03-22T05:48
CITA-050;López;2025-03-22T08:54
CITA-080;Medina;2025-03-22T15:14
CITA-073;Cedeño;2025-03-23T19:03
CITA-098;Calle;2025-03-25T11:17
CITA-084;Benítez;2025-03-25T18:30
CITA-014;Castro;2025-03-26T03:13
CITA-006;Cedeño;2025-03-26T03:41
CITA-031;García;2025-03-26T10:58
CITA-053;Torres;2025-03-26T16:20
CITA-012;Vega;2025-03-26T21:01
CITA-067;Ortega;2025-03-26T21:09
CITA-060;Mora;2025-03-27T03:30
CITA-070;López;2025-03-27T21:22
CITA-039;López;2025-03-05T22:19
CITA-016;Reyes;2025-03-28T03:38
CITA-007;Castro;2025-03-28T04:58
CITA-011;Guerrero;2025-03-28T17:33
CITA-095;Vega;2025-03-29T01:09
CITA-047;Romero;2025-03-29T01:20
CITA-093;García;2025-03-29T18:59
CITA-076;Mendoza;2025-03-29T21:20
CITA-032;Paredes;2025-03-29T22:38
CITA-041;Suárez;2025-03-30T06:20
CITA-094;Medina;2025-03-30T09:54
CITA-001;Ramírez;2025-03-30T10:25
CITA-052;Lema;2025-03-30T11:03
CITA-024;Salazar;2025-03-05T17:38
CITA-064;Rojas;2025-03-30T14:09
CITA-046;Cedeño;2025-03-30T19:49
CITA-013;Lema;2025-03-30T21:50
CITA-062;Sánchez;2025-03-31T03:54
CITA-036;Torres;2025-03-31T10:16
